{
	"invisible_fight": {
		"replace": false,
		"sounds": [
			{
				"name": "acc:invisible_fight",
				"volume": 1,
                "pitch": 1.0,
                "weight": 1,
                "stream": true,
                "attenuation_distance": 16,
                "preload": false,
                "channels": 2
			}
		]
	},

	"bathroom_diving": {
		"replace": false,
		"sounds": [
			{
				"name": "acc:bathroom_diving",
				"volume": 1,
                "pitch": 1.0,
                "weight": 1,
                "stream": true,
                "attenuation_distance": 16,
                "preload": false,
                "channels": 2
			}
		]
	},

	"sitw": {
		"replace": false,
		"sounds": [
			{
				"name": "acc:sitw",
				"volume": 1,
                "pitch": 1.0,
                "weight": 1,
                "stream": true,
                "attenuation_distance": 16,
                "preload": false,
                "channels": 2
			}
		]
	},

	"end": {
		"replace": false,
		"sounds": [
			{
				"name": "acc:end",
				"volume": 0.01,
                "pitch": 1.0,
                "weight": 1,
                "stream": true,
                "attenuation_distance": 16,
                "preload": false,
                "channels": 2
			}
		]
	}

}