{
	"invisible_fight": {
		"category": "record",
		"sounds": [
			{
				"name": "invisible_fight",
				"stream": true
			}
		],
		"subtitle": "invisible fight game music"
	},

	"bathroom_diving": {
		"category": "record",
		"sounds": [
			{
				"name": "bathroom_diving",
				"stream": true
			}
		],
		"subtitle": "bathroom diving game music"
	},

	"sitw": {
		"category": "record",
		"sounds": [
			{
				"name": "sitw",
				"stream": true
			}
		],
		"subtitle": "survivl in the wildness game music"
	}

}