{
  "providers": [
    {
      "type": "bitmap",
      "file": "minecraft:font/aqua.png",  
      "ascent": 16,              
      "height": 16,              
      "chars": [ "\u930C" ]  
    },

    {
      "type": "bitmap",
      "file": "minecraft:font/black.png",  
      "ascent": 16,              
      "height": 16,              
      "chars": [ "\u94A1" ]  
    },

    {
      "type": "bitmap",
      "file": "minecraft:font/blue.png",  
      "ascent": 16,              
      "height": 16,              
      "chars": [ "\u949A" ]  
    },

    {
      "type": "bitmap",
      "file": "minecraft:font/green.png",  
      "ascent": 16,              
      "height": 16,              
      "chars": [ "\u9522" ]  
    },

    {
      "type": "bitmap",
      "file": "minecraft:font/orange.png",  
      "ascent": 16,              
      "height": 16,              
      "chars": [ "\u953C" ]  
    },

    {
      "type": "bitmap",
      "file": "minecraft:font/red.png",  
      "ascent": 16,              
      "height": 16,              
      "chars": [ "\u9450" ]  
    },

    {
      "type": "bitmap",
      "file": "minecraft:font/white.png",  
      "ascent": 16,              
      "height": 16,              
      "chars": [ "\u56F2" ]  
    },

    {
      "type": "bitmap",
      "file": "minecraft:font/yellow.png",  
      "ascent": 16,              
      "height": 16,              
      "chars": [ "\u91F6" ]  
    }
  ]
}